instance_id,database,max_turn,turns_used,phase1_passed,phase1_debug_ran,phase2_passed,phase2_debug_ran,total_reward,exec_error_p1,exec_error_p2,error
news_1,news,4,4,False,True,,False,0.0,,,
insider_10,insider,6,6,True,False,True,False,1.0,,,
crypto_1,crypto,3,2,False,True,,False,0.0,,,
news_9,news,4,3,False,True,,False,0.0,,,
vaccine_6,vaccine,5,3,True,False,True,False,1.0,,,
crypto_2,crypto,4,2,False,True,,False,0.0,,,
mental_1,mental,7,6,False,True,,False,0.0,,,
cross_db_8,cross_db,7,1,True,False,True,False,1.0,,,
news_3,news,6,4,True,False,False,True,0.7,,,
museum_9,museum,4,1,False,True,,False,0.0,,,
vaccine_10,vaccine,5,5,False,True,,False,0.0,,,
gaming_2,gaming,6,5,False,True,,False,0.0,,,
fake_7,fake,5,5,False,True,,False,0.0,,,
archeology_9,archeology,6,4,False,True,,False,0.0,,,
fake_1,fake,5,5,False,True,,False,0.0,,,
cybermarket_3,cybermarket,5,2,False,True,,False,0.0,,,
cross_db_1,cross_db,5,1,False,True,,False,0.0,,,
virtual_8,virtual,5,5,False,True,,False,0.0,,,
cybermarket_7,cybermarket,8,2,False,True,,False,0.0,,,
polar_2,polar,7,0,False,True,,False,0.0,,,
credit_2,credit,5,5,False,True,,False,0.0,,,
fake_3,fake,7,5,False,True,,False,0.0,,,
solar_11,solar,5,5,False,True,,False,0.0,,,
virtual_9,virtual,4,3,False,True,,False,0.0,,,
vaccine_2,vaccine,6,5,False,True,,False,0.0,,,
cross_db_9,cross_db,5,0,False,True,,False,0.0,,,
gaming_6,gaming,5,0,False,True,,False,0.0,,,
insider_9,insider,6,4,True,True,True,False,0.8,,,
fake_5,fake,5,1,False,True,,False,0.0,,,
fake_9,fake,8,8,False,True,,False,0.0,,,
insider_6,insider,5,4,True,False,True,False,1.0,,,
gaming_1,gaming,4,0,False,True,,False,0.0,,,
alien_11,alien,5,1,False,True,,False,0.0,,,
cross_db_7,cross_db,5,1,False,True,,False,0.0,,,
cross_db_5,cross_db,6,5,False,True,,False,0.0,,,
gaming_9,gaming,5,5,True,False,False,True,0.7,,,
archeology_7,archeology,6,6,False,True,,False,0.0,,,
robot_5,robot,7,7,False,True,,False,0.0,,,
alien_2,alien,6,2,True,False,True,False,1.0,,,
cybermarket_10,cybermarket,4,4,True,False,True,False,1.0,,,
virtual_2,virtual,4,4,False,True,,False,0.0,,,
news_11,news,6,6,False,True,,False,0.0,,,
solar_9,solar,7,6,False,True,,False,0.0,,,
archeology_8,archeology,6,6,False,True,,False,0.0,,,
disaster_2,disaster,5,5,False,True,,False,0.0,,,
disaster_8,disaster,5,4,True,False,True,False,1.0,,,
solar_8,solar,5,1,False,True,,False,0.0,,,
alien_9,alien,6,6,False,True,,False,0.0,,,
archeology_3,archeology,7,5,True,False,False,True,0.7,,,
archeology_6,archeology,5,4,True,False,True,False,1.0,,,
polar_9,polar,5,5,False,True,,False,0.0,,,
cybermarket_8,cybermarket,7,3,False,True,,False,0.0,,,
cybermarket_6,cybermarket,6,5,False,True,,False,0.0,,,
polar_1,polar,6,6,False,True,,False,0.0,,,
solar_7,solar,6,5,False,True,,False,0.0,,,
museum_1,museum,6,4,True,False,True,False,1.0,,,
museum_10,museum,5,5,False,True,,False,0.0,,,
credit_1,credit,7,3,True,False,True,False,1.0,,,
credit_8,credit,5,5,False,True,,False,0.0,,,
cross_db_2,cross_db,5,3,True,False,True,False,1.0,,,
news_6,news,5,5,False,True,,False,0.0,,,
museum_6,museum,4,0,True,True,False,True,0.5,,,
solar_10,solar,6,4,False,True,,False,0.0,,,
cybermarket_9,cybermarket,4,4,True,False,True,False,1.0,,,
credit_11,credit,7,7,False,True,,False,0.0,,,
news_4,news,5,5,False,True,,False,0.0,,,
vaccine_9,vaccine,7,5,False,True,,False,0.0,,,
credit_7,credit,6,6,False,True,,False,0.0,,,
alien_3,alien,5,5,False,True,,False,0.0,,,
disaster_11,disaster,5,3,True,False,True,False,1.0,,,
polar_7,polar,5,3,True,False,False,True,0.7,,,
crypto_5,crypto,5,2,False,True,,False,0.0,,,
news_5,news,6,4,True,False,False,True,0.7,,,
fake_10,fake,6,6,False,True,,False,0.0,,,
alien_6,alien,6,5,False,True,,False,0.0,,,
virtual_1,virtual,6,6,False,True,,False,0.0,,,
gaming_10,gaming,6,4,False,True,,False,0.0,,,
disaster_7,disaster,5,5,True,False,True,False,1.0,,,
fake_4,fake,5,5,False,True,,False,0.0,,,
polar_10,polar,5,0,False,True,,False,0.0,,,
news_8,news,6,5,False,True,,False,0.0,,,
crypto_3,crypto,6,2,False,True,,False,0.0,,,
fake_11,fake,7,7,False,True,,False,0.0,,,
solar_3,solar,6,2,False,True,,False,0.0,,,
polar_5,polar,7,7,False,True,,False,0.0,,,
archeology_2,archeology,6,1,False,True,,False,0.0,,,
museum_5,museum,4,4,False,True,,False,0.0,,,
cross_db_4,cross_db,5,3,False,True,,False,0.0,,,
vaccine_5,vaccine,5,5,False,True,,False,0.0,,,
virtual_6,virtual,6,6,False,True,,False,0.0,,,
polar_6,polar,6,2,True,False,True,False,1.0,,,
credit_9,credit,5,5,False,True,,False,0.0,,,
credit_6,credit,6,3,False,True,,False,0.0,,,
crypto_4,crypto,6,1,False,True,,False,0.0,,,
cross_db_10,cross_db,5,5,False,True,,False,0.0,,,
insider_11,insider,6,5,False,True,,False,0.0,,,
insider_5,insider,8,7,True,True,True,False,0.8,,,
robot_9,robot,8,4,False,True,,False,0.0,,,
mental_7,mental,6,3,True,False,True,False,1.0,,,
mental_2,mental,6,4,False,True,,False,0.0,,,
