CityID,CityName,StateProvinceID,Location,LatestRecordedPopulation,LastEditedBy,ValidFrom,ValidTo
33783,Tennessee Colony,45,POINT (-95.8388504 31.8354447),\N,1,2013-01-01 00:00:00,2013-07-01 16:00:00
13570,Grand Coteau,19,POINT (-92.0465087 30.4199203),947,1,2013-01-01 00:00:00,2013-07-01 16:00:00
6069,Charleston,44,POINT (-84.7582743 35.2872953),651,1,2013-01-01 00:00:00,2013-07-01 16:00:00
21711,Medway,22,POINT (-71.3967256 42.1417641),\N,1,2013-01-01 00:00:00,2013-07-01 16:00:00
13998,Greenwood,24,POINT (-93.5532897 44.9149631),688,1,2013-01-01 00:00:00,2013-07-01 16:00:00
37232,Williams Creek,15,POINT (-86.1502659 39.8997622),407,1,2013-01-01 00:00:00,2013-07-01 16:00:00
11557,Finger,44,POINT (-88.5989385 35.3584122),298,1,2013-01-01 00:00:00,2013-07-01 16:00:00
6817,Cliffside,34,POINT (-81.7698229 35.2381785),611,1,2013-01-01 00:00:00,2013-07-01 16:00:00
35386,Villa Heights,49,POINT (-79.9039285 36.6973595),717,1,2013-01-01 00:00:00,2013-07-01 16:00:00
16111,Hubbard,24,POINT (-95.0102983 46.8366255),\N,1,2013-01-01 00:00:00,2013-07-01 16:00:00
14966,Hayden,32,POINT (-103.271613 35.9683688),\N,1,2013-01-01 00:00:00,2014-07-01 16:00:00
30385,San Isidro,40,POINT (-65.8854421 18.3921707),6828,1,2013-01-01 00:00:00,2014-07-01 16:00:00
37091,Whiting,47,POINT (-73.2003929 43.8639503),\N,1,2013-01-01 00:00:00,2014-07-01 16:00:00
36965,White Hall,4,POINT (-92.0909766 34.2739862),5526,1,2013-01-01 00:00:00,2014-07-01 16:00:00
37136,Wickersham,50,POINT (-122.2129357 48.6551115),\N,1,2013-01-01 00:00:00,2014-07-01 16:00:00
24452,Norborne,26,POINT (-93.6774377 39.3025168),708,1,2013-01-01 00:00:00,2015-07-01 16:00:00
18834,Laupahoehoe,12,POINT (-155.23759 19.9760833),581,1,2013-01-01 00:00:00,2015-07-01 16:00:00
9908,East Smithfield,39,POINT (-76.6255041 41.8645189),\N,1,2013-01-01 00:00:00,2015-07-01 16:00:00
24608,North Granby,7,POINT (-72.829542 41.9959289),1944,1,2013-01-01 00:00:00,2015-07-01 16:00:00
5368,Carlton,17,POINT (-97.2933586 38.6872259),42,1,2013-01-01 00:00:00,2015-07-01 16:00:00
34934,Urbancrest,36,POINT (-83.0868531 39.8975632),960,1,2013-01-01 00:00:00,2015-07-01 16:00:00
32517,Springville,25,POINT (-89.1036772 34.2317732),\N,1,2013-01-01 00:00:00,2015-07-01 16:00:00
11095,Fairfax,37,POINT (-96.7279818885 36.5776061006),1380,1,2013-01-01 00:00:00,2015-07-01 16:00:00
21614,McWhorter,51,POINT (-80.3828674 39.1273152),\N,1,2013-01-01 00:00:00,2015-07-01 16:00:00
33997,Throop,33,POINT (-76.5707754 42.9758992),\N,1,2013-01-01 00:00:00,2015-07-01 16:00:00
27500,Pondosa,38,POINT (-117.6427118 45.0079269),\N,1,2013-01-01 00:00:00,2015-07-01 16:00:00
164,Adrian,24,POINT (-95.932797 43.6349663),1209,1,2013-01-01 00:00:00,2015-07-01 16:00:00
28862,Richvale,5,POINT (-121.7446978 39.4937751),244,1,2013-01-01 00:00:00,2015-07-01 16:00:00
