CustomerID,CustomerName,BillToCustomerID,CustomerCategoryID,BuyingGroupID,PrimaryContactPersonID,AlternateContactPersonID,DeliveryMethodID,DeliveryCityID,PostalCityID,CreditLimit,AccountOpenedDate,StandardDiscountPercentage,IsStatementSent,IsOnCreditHold,PaymentDays,PhoneNumber,FaxNumber,DeliveryRun,RunPosition,WebsiteURL,DeliveryAddressLine1,DeliveryAddressLine2,DeliveryPostalCode,DeliveryLocation,PostalAddressLine1,PostalAddressLine2,PostalPostalCode,LastEditedBy,ValidFrom,ValidTo
934,Ivan Sepulveda,934,3,\N,3134,\N,3,24805,24805,2100.00,2013-01-01,0.000,False,False,7,(218) 555-0100,(218) 555-0101,,,http://www.microsoft.com/IvanSepulveda/,Shop 7,548 Bures Crescent,90647,POINT (-94.4363592 43.7363438),PO Box 8981,Siavashiville,90647,1,2013-01-01 00:00:00,2013-07-01 16:00:00
927,Matyas Sedlar,927,3,\N,3127,\N,3,4977,4977,1400.00,2013-01-01,0.000,False,False,7,(270) 555-0100,(270) 555-0101,,,http://www.microsoft.com/MatyasSedlar/,Shop 31,603 Nechita Road,90609,POINT (-88.3500362 37.0333896),PO Box 2555,Alexandrovaville,90609,1,2013-01-01 00:00:00,2013-07-01 16:00:00
839,Juan Morse,839,3,\N,3039,\N,3,13868,13868,4000.00,2013-01-01,0.000,False,False,7,(423) 555-0100,(423) 555-0101,,,http://www.microsoft.com/JuanMorse/,Suite 13,51 Nechita Crescent,90523,POINT (-84.1721357 35.6611904),PO Box 2068,Rochaville,90523,1,2013-01-01 00:00:00,2013-07-01 16:00:00
851,Ebru Erdogan,851,6,\N,3051,\N,3,31009,31009,1800.00,2013-01-01,0.000,False,False,7,(405) 555-0100,(405) 555-0101,,,http://www.microsoft.com/EbruErdogan/,Shop 18,1528 Dikshit Crescent,90560,POINT (-98.9480445885 36.1520431006),PO Box 4957,Dinhville,90560,1,2013-01-01 00:00:00,2013-07-01 16:00:00
921,Victoria Lacusta,921,4,\N,3121,\N,3,7408,7408,3700.00,2013-01-01,0.000,False,False,7,(212) 555-0100,(212) 555-0101,,,http://www.microsoft.com/VictoriaLacusta/,Suite 12,415 Omidzadeh Road,90632,POINT (-79.0311516 42.2386716),PO Box 563,Bohuslavville,90632,1,2013-01-01 00:00:00,2013-07-01 16:00:00
869,Abel Tatarescu,869,3,\N,3069,\N,3,18110,18110,3500.00,2013-01-01,0.000,False,False,7,(217) 555-0100,(217) 555-0101,,,http://www.microsoft.com/AbelTatarescu/,Suite 6,1432 Alksne Road,90579,POINT (-87.861726 41.8347535),PO Box 8222,Kamasamudramville,90579,1,2013-01-01 00:00:00,2013-07-01 16:00:00
922,Sumati Chatterjee,922,6,\N,3122,\N,3,24668,24668,2400.00,2013-01-01,0.000,False,False,7,(231) 555-0100,(231) 555-0101,,,http://www.microsoft.com/SumatiChatterjee/,Unit 10,1643 Mitra Avenue,90254,POINT (-86.26756 43.2561251),PO Box 771,Zujovicville,90254,1,2013-01-01 00:00:00,2013-07-01 16:00:00
866,Jay Bhuiyan,866,6,\N,3066,\N,3,23264,23264,1800.00,2013-01-01,0.000,False,False,7,(215) 555-0100,(215) 555-0101,,,http://www.microsoft.com/JayBhuiyan/,Suite 22,130 Seleznyov Street,90081,POINT (-75.3646282 41.1220337),PO Box 8070,Tottempudiville,90081,1,2013-01-01 00:00:00,2013-07-01 16:00:00
847,Kristiina Ivanov,847,5,\N,3047,\N,3,37884,37884,1800.00,2013-01-01,0.000,False,False,7,(605) 555-0100,(605) 555-0101,,,http://www.microsoft.com/KristiinaIvanov/,Unit 6,1505 Stojkovic Street,90297,POINT (-102.365715 43.1405442),PO Box 6793,Rosbergville,90297,1,2013-01-01 00:00:00,2013-07-01 16:00:00
844,Durdanah Abbasi,844,4,\N,3044,\N,3,18865,18865,1800.00,2013-01-01,0.000,False,False,7,(201) 555-0100,(201) 555-0101,,,http://www.microsoft.com/DurdanahAbbasi/,Shop 26,1489 Shetty Crescent,90279,POINT (-74.2465338 40.4567735),PO Box 9565,Bhattacharyaville,90279,1,2013-01-01 00:00:00,2013-07-01 16:00:00
831,Bhaavan Rai,831,7,\N,3031,\N,3,5966,5966,3700.00,2013-01-01,0.000,False,False,7,(308) 555-0100,(308) 555-0101,,,http://www.microsoft.com/BhaavanRai/,Shop 28,387 Heikkinen Boulevard,90474,POINT (-96.1502969 41.1838878),PO Box 290,Thachville,90474,1,2013-01-01 00:00:00,2013-07-01 16:00:00
890,Olya Izmaylov,890,5,\N,3090,\N,3,11753,11753,4000.00,2013-01-01,0.000,False,False,7,(210) 555-0100,(210) 555-0101,,,http://www.microsoft.com/OlyaIzmaylov/,Suite 4,1129 Hulsegge Boulevard,90659,POINT (-98.0644475 27.2164329),PO Box 3410,Nutiuville,90659,1,2013-01-01 00:00:00,2013-07-01 16:00:00
872,Katerina Hadrabova,872,7,\N,3072,\N,3,18141,18141,1900.00,2013-01-01,0.000,False,False,7,(219) 555-0100,(219) 555-0101,,,http://www.microsoft.com/KaterinaHadrabova/,Shop 14,1783 ozkan Boulevard,90533,POINT (-86.3083403 41.4597686),PO Box 4747,Baruaville,90533,1,2013-01-01 00:00:00,2013-07-01 16:00:00
828,Sercan Celik,828,6,\N,3028,\N,3,34193,34193,1700.00,2013-01-01,0.000,False,False,7,(217) 555-0100,(217) 555-0101,,,http://www.microsoft.com/SercanCelik/,Shop 23,802 Mokkapati Road,90592,POINT (-88.2589387 39.9861415),PO Box 6861,Kubatville,90592,1,2013-01-01 00:00:00,2013-07-01 16:00:00
982,Yves Belisle,982,4,\N,3182,\N,3,35635,35635,3000.00,2013-01-01,0.000,False,False,7,(480) 555-0100,(480) 555-0101,,,http://www.microsoft.com/YvesBelisle/,Unit 22,1530 Ngo Boulevard,90606,POINT (-113.8841137 35.3444389),PO Box 7024,Hopkinsville,90606,1,2013-01-01 00:00:00,2013-07-01 16:00:00
945,Hoc Tran,945,5,\N,3145,\N,3,36973,36973,1400.00,2013-01-01,0.000,False,False,7,(339) 555-0100,(339) 555-0101,,,http://www.microsoft.com/HocTran/,Shop 19,1634 Sen Street,90588,POINT (-70.5578093 41.9309375),PO Box 6639,Henzlville,90588,1,2013-01-01 00:00:00,2013-07-01 16:00:00
874,Daniel Martensson,874,3,\N,3074,\N,3,20668,20668,2900.00,2013-01-01,0.000,False,False,7,(225) 555-0100,(225) 555-0101,,,http://www.microsoft.com/DanielMartensson/,Shop 21,622 Pavel Boulevard,90365,POINT (-92.4192993 30.6338092),PO Box 9040,Poursokhville,90365,1,2013-01-01 00:00:00,2013-07-01 16:00:00
986,Neil Farrelly,986,3,\N,3186,\N,3,29938,29938,1600.00,2013-01-01,0.000,False,False,7,(215) 555-0100,(215) 555-0101,,,http://www.microsoft.com/NeilFarrelly/,Suite 17,730 Gungor Boulevard,90355,POINT (-77.525262 41.8678482),PO Box 8803,Kellnerovaville,90355,1,2013-01-01 00:00:00,2013-07-01 16:00:00
937,Manca Hrastovsek,937,6,\N,3137,\N,3,32267,32267,1100.00,2013-01-01,0.000,False,False,7,(205) 555-0100,(205) 555-0101,,,http://www.microsoft.com/MancaHrastovsek/,Unit 15,685 Pavel Road,90012,POINT (-86.0224718 33.9245425),PO Box 6531,Bhatville,90012,1,2013-01-01 00:00:00,2014-07-01 16:00:00
914,Chandana Shasthri,914,4,\N,3114,\N,3,23796,23796,3500.00,2013-01-01,0.000,False,False,7,(803) 555-0100,(803) 555-0101,,,http://www.microsoft.com/ChandanaShasthri/,Unit 8,813 Seleznyov Avenue,90125,POINT (-79.5133935 33.6590552),PO Box 3228,Marquisville,90125,1,2013-01-01 00:00:00,2014-07-01 16:00:00
814,Johanna Hoornstra,814,3,\N,3014,\N,3,26752,26752,2200.00,2013-01-01,0.000,False,False,7,(210) 555-0100,(210) 555-0101,,,http://www.microsoft.com/JohannaHoornstra/,Suite 13,285 Dupuy Street,90650,POINT (-97.6358282 27.671975),PO Box 2475,Lanctotville,90650,1,2013-01-01 00:00:00,2014-07-01 16:00:00
946,David safranek,946,4,\N,3146,\N,3,34280,34280,3800.00,2013-01-01,0.000,False,False,7,(215) 555-0100,(215) 555-0101,,,http://www.microsoft.com/Davidsafranek/,Shop 7,974 Mazzanti Avenue,90204,POINT (-75.757439 39.8314987),PO Box 764,Almarazville,90204,1,2013-01-01 00:00:00,2014-07-01 16:00:00
987,Akhil Nadar,987,4,\N,3187,\N,3,30779,30779,3300.00,2013-01-01,0.000,False,False,7,(479) 555-0100,(479) 555-0101,,,http://www.microsoft.com/AkhilNadar/,Shop 6,372 Ghatak Crescent,90680,POINT (-93.961022 33.8262286),PO Box 5882,Buresovaville,90680,1,2013-01-01 00:00:00,2014-07-01 16:00:00
915,Ana Florea,915,7,\N,3115,\N,3,4430,4430,1800.00,2013-01-01,0.000,False,False,7,(210) 555-0100,(210) 555-0101,,,http://www.microsoft.com/AnaFlorea/,Shop 3,1898 Pokorna Boulevard,90140,POINT (-98.4494766 30.8507331),PO Box 3140,Rautville,90140,1,2013-01-01 00:00:00,2014-07-01 16:00:00
895,Geza Roman,895,7,\N,3095,\N,3,25795,25795,2200.00,2013-01-01,0.000,False,False,7,(215) 555-0100,(215) 555-0101,,,http://www.microsoft.com/GezaRoman/,Suite 24,368 Tatarescu Street,90005,POINT (-77.1691356 41.1511863),PO Box 3424,Selezeanuville,90005,1,2013-01-01 00:00:00,2014-07-01 16:00:00
855,Anna Mazzanti,855,5,\N,3055,\N,3,16185,16185,1600.00,2013-01-01,0.000,False,False,7,(314) 555-0100,(314) 555-0101,,,http://www.microsoft.com/AnnaMazzanti/,Shop 31,1552 Johansson Lane,90446,POINT (-93.5779815 37.7944806),PO Box 1913,Hrdlickovaville,90446,1,2013-01-01 00:00:00,2014-07-01 16:00:00
892,Bahaar Asef zade,892,4,\N,3092,\N,3,372,372,1800.00,2013-01-01,0.000,False,False,7,(225) 555-0100,(225) 555-0101,,,http://www.microsoft.com/BahaarAsefzade/,Shop 30,1759 Srbova Crescent,90557,POINT (-93.720178 32.7751427),PO Box 4288,Symeville,90557,1,2013-01-01 00:00:00,2014-07-01 16:00:00
887,Baran Jonsson,887,4,\N,3087,\N,3,5682,5682,3800.00,2013-01-01,0.000,False,False,7,(458) 555-0100,(458) 555-0101,,,http://www.microsoft.com/BaranJonsson/,Shop 9,1349 Lukstina Road,90119,POINT (-123.6481235 42.1628912),PO Box 8106,Shinville,90119,1,2013-01-01 00:00:00,2014-07-01 16:00:00
976,Alinne Matos,976,5,\N,3176,\N,3,30906,30906,3500.00,2013-01-01,0.000,False,False,7,(229) 555-0100,(229) 555-0101,,,http://www.microsoft.com/AlinneMatos/,Suite 6,244 Lieu Crescent,90647,POINT (-81.3498179 31.1835648),PO Box 1620,Berzinaville,90647,1,2013-01-01 00:00:00,2014-07-01 16:00:00
1003,Hue Ton,1003,4,\N,3203,\N,3,15689,15689,3900.00,2013-03-25,0.000,False,False,7,(252) 555-0100,(252) 555-0101,\N,\N,http://www.microsoft.com/,Unit 17,1634 Eugen Lane,90337,POINT (-78.3038892 33.9135061),PO Box 9496,Leenaville,90337,1,2013-03-25 00:00:00,2014-07-01 16:00:00
874,Daniel Martensson,874,3,\N,3074,\N,3,20668,20668,3045.00,2013-01-01,0.000,False,False,7,(225) 555-0100,(225) 555-0101,,,http://www.microsoft.com/DanielMartensson/,Shop 21,622 Pavel Boulevard,90365,POINT (-92.4192993 30.6338092),PO Box 9040,Poursokhville,90365,20,2013-07-01 16:00:00,2014-07-01 16:00:00
890,Olya Izmaylov,890,5,\N,3090,\N,3,11753,11753,4200.00,2013-01-01,0.000,False,False,7,(210) 555-0100,(210) 555-0101,,,http://www.microsoft.com/OlyaIzmaylov/,Suite 4,1129 Hulsegge Boulevard,90659,POINT (-98.0644475 27.2164329),PO Box 3410,Nutiuville,90659,20,2013-07-01 16:00:00,2014-07-01 16:00:00
1019,Dhanishta Pullela,1019,3,\N,3219,\N,3,12563,12563,1500.00,2013-10-03,0.000,False,False,7,(304) 555-0100,(304) 555-0101,\N,\N,http://www.microsoft.com/,Suite 6,304 Olly Lane,90267,POINT (-82.1987576 38.7706371),PO Box 6205,Lindaville,90267,1,2013-10-03 00:00:00,2014-07-01 16:00:00
1026,Daniella Cavalcante,1026,5,\N,3226,\N,3,28385,28385,1400.00,2014-01-17,0.000,False,False,7,(405) 555-0100,(405) 555-0101,\N,\N,http://www.microsoft.com/,Shop 22,854 Chin-Sun Street,90104,POINT (-96.7751760885 34.2457087006),PO Box 3816,Langville,90104,1,2014-01-17 00:00:00,2014-07-01 16:00:00
890,Olya Izmaylov,890,5,\N,3090,\N,3,11753,11753,4410.00,2013-01-01,0.000,False,False,7,(210) 555-0100,(210) 555-0101,,,http://www.microsoft.com/OlyaIzmaylov/,Suite 4,1129 Hulsegge Boulevard,90659,POINT (-98.0644475 27.2164329),PO Box 3410,Nutiuville,90659,8,2014-07-01 16:00:00,2014-07-01 16:00:00
971,Dhanishta Mokkapati,971,7,\N,3171,\N,3,16416,16416,3000.00,2013-01-01,0.000,False,False,7,(907) 555-0100,(907) 555-0101,,,http://www.microsoft.com/DhanishtaMokkapati/,Shop 23,1827 Kustrin Boulevard,90555,POINT (-154.9110837 59.7567965),PO Box 9571,Couetville,90555,1,2013-01-01 00:00:00,2015-07-01 16:00:00
913,Violetta KlanCisar,913,4,\N,3113,\N,3,2175,2175,2900.00,2013-01-01,0.000,False,False,7,(225) 555-0100,(225) 555-0101,,,http://www.microsoft.com/ViolettaKlanCisar/,Shop 25,130 Molnar Avenue,90777,POINT (-90.7512023 29.624102),PO Box 8290,Bhogireddyville,90777,1,2013-01-01 00:00:00,2015-07-01 16:00:00
898,Gopalgobinda Sikdar,898,5,\N,3098,\N,3,25639,25639,3900.00,2013-01-01,0.000,False,False,7,(307) 555-0100,(307) 555-0101,,,http://www.microsoft.com/GopalgobindaSikdar/,Shop 17,1928 Kask Crescent,90495,POINT (-105.5035999 42.8546892),PO Box 141,Chowdaryville,90495,1,2013-01-01 00:00:00,2015-07-01 16:00:00
835,Dominic Davignon,835,4,\N,3035,\N,3,34685,34685,3000.00,2013-01-01,0.000,False,False,7,(209) 555-0100,(209) 555-0101,,,http://www.microsoft.com/DominicDavignon/,Suite 16,1384 Dupuy Street,90192,POINT (-117.2336533 34.2388955),PO Box 4859,Glissenville,90192,1,2013-01-01 00:00:00,2015-07-01 16:00:00
802,Cosmina Vlad,802,7,\N,3002,\N,3,5192,5192,2800.00,2013-01-01,0.000,False,False,7,(505) 555-0100,(505) 555-0101,,,http://www.microsoft.com/CosminaVlad/,Suite 9,908 Nadar Lane,90602,POINT (-106.735591 35.6569716),PO Box 1954,Gonzalesville,90602,1,2013-01-01 00:00:00,2015-07-01 16:00:00
911,Liidia Lepp,911,6,\N,3111,\N,3,25078,25078,3200.00,2013-01-01,0.000,False,False,7,(276) 555-0100,(276) 555-0101,,,http://www.microsoft.com/LiidiaLepp/,Suite 7,824 Omelkova Street,90137,POINT (-78.1600014 38.3667957),PO Box 46,Vujicaville,90137,1,2013-01-01 00:00:00,2015-07-01 16:00:00
818,Liia Orav,818,3,\N,3018,\N,3,3176,3176,1100.00,2013-01-01,0.000,False,False,7,(252) 555-0100,(252) 555-0101,,,http://www.microsoft.com/LiiaOrav/,Unit 16,1077 Gunes Boulevard,90489,POINT (-78.7875209 34.5387799),PO Box 1428,Methotville,90489,1,2013-01-01 00:00:00,2015-07-01 16:00:00
838,Pavel Bogdanov,838,7,\N,3038,\N,3,23870,23870,1800.00,2013-01-01,0.000,False,False,7,(339) 555-0100,(339) 555-0101,,,http://www.microsoft.com/PavelBogdanov/,Unit 4,613 senturk Lane,90629,POINT (-72.1259114 42.3167581),PO Box 1035,Valentovaville,90629,1,2013-01-01 00:00:00,2015-07-01 16:00:00
978,Baalaamjali Devulapalli,978,4,\N,3178,\N,3,28032,28032,3300.00,2013-01-01,0.000,False,False,7,(505) 555-0100,(505) 555-0101,,,http://www.microsoft.com/BaalaamjaliDevulapalli/,Shop 14,1123 Thakur Road,90011,POINT (-104.6221654 34.829682),PO Box 40,Valekville,90011,1,2013-01-01 00:00:00,2015-07-01 16:00:00
944,Ida Celma,944,3,\N,3144,\N,3,14931,14931,3800.00,2013-01-01,0.000,False,False,7,(319) 555-0100,(319) 555-0101,,,http://www.microsoft.com/IdaCelma/,Suite 28,893 Habibi Lane,90577,POINT (-96.4853085 42.9958216),PO Box 4308,Mishraville,90577,1,2013-01-01 00:00:00,2015-07-01 16:00:00
1017,David Novacek ,1017,6,\N,3217,\N,3,7668,7668,2600.00,2013-08-15,0.000,False,False,7,(423) 555-0100,(423) 555-0101,\N,\N,http://www.microsoft.com/,Shop 10,588 Danielle  Lane,90064,POINT (-83.7824062 36.1536937),PO Box 7597,Priyaville,90064,1,2013-08-15 00:00:00,2015-07-01 16:00:00
1020,Hai Banh,1020,5,\N,3220,\N,3,6574,6574,2500.00,2013-10-23,0.000,False,False,7,(252) 555-0100,(252) 555-0101,\N,\N,http://www.microsoft.com/,Shop 24,1983 Chandrakanta Street,90492,POINT (-81.1461917 35.7145776),PO Box 1446,Debrajville,90492,1,2013-10-23 00:00:00,2015-07-01 16:00:00
915,Ana Florea,915,7,\N,3115,\N,3,4430,4430,1890.00,2013-01-01,0.000,False,False,7,(210) 555-0100,(210) 555-0101,,,http://www.microsoft.com/AnaFlorea/,Shop 3,1898 Pokorna Boulevard,90140,POINT (-98.4494766 30.8507331),PO Box 3140,Rautville,90140,8,2014-07-01 16:00:00,2015-07-01 16:00:00
976,Alinne Matos,976,5,\N,3176,\N,3,30906,30906,3675.00,2013-01-01,0.000,False,False,7,(229) 555-0100,(229) 555-0101,,,http://www.microsoft.com/AlinneMatos/,Suite 6,244 Lieu Crescent,90647,POINT (-81.3498179 31.1835648),PO Box 1620,Berzinaville,90647,8,2014-07-01 16:00:00,2015-07-01 16:00:00
1034,Aishwarya Dantuluri,1034,3,\N,3234,\N,3,3018,3018,3700.00,2014-09-03,0.000,False,False,7,(209) 555-0100,(209) 555-0101,\N,\N,http://www.microsoft.com/,Suite 13,1167 Femke Lane,90735,POINT (-121.7127513 39.4123876),PO Box 1421,Minaville,90735,1,2014-09-03 00:00:00,2015-07-01 16:00:00
1046,Christian Couet,1046,5,\N,3246,\N,3,13799,13799,2800.00,2015-06-12,0.000,False,False,7,(212) 555-0100,(212) 555-0101,\N,\N,http://www.microsoft.com/,Unit 29,315 Caterina Lane,90370,POINT (-73.7284647 40.8006567),PO Box 9378,Congville,90370,1,2015-06-12 00:00:00,2015-07-01 16:00:00
