instance_id,dataset,database,max_turn,turns_used,phase1_passed,phase1_debug_ran,phase2_passed,phase2_debug_ran,total_reward,exec_error_p1,exec_error_p2,error
disaster_relief_3,full,disaster_relief,7,4,False,True,,False,0.0,,,
sports_events_3,full,sports_events,6,3,False,True,,False,0.0,,,
insider_trading_16,full,insider_trading,5,5,False,True,,False,0.0,,,
planets_data_5,full,planets_data,6,2,True,False,False,True,0.7,,,
cybermarket_pattern_8,full,cybermarket_pattern,5,2,True,False,True,False,1.0,,,
museum_artifact_14,full,museum_artifact,7,6,True,False,False,True,0.7,,,
insider_trading_11,full,insider_trading,5,5,False,True,,False,0.0,,,
cross_border_7,full,cross_border,6,1,False,True,,False,0.0,,,
disaster_relief_11,full,disaster_relief,4,4,False,True,,False,0.0,,,
cross_border_17,full,cross_border,7,4,False,True,,False,0.0,,,
fake_account_9,full,fake_account,5,5,True,False,True,False,1.0,,,
mental_health_12,full,mental_health,8,8,False,True,,False,0.0,,,
archeology_scan_5,full,archeology_scan,7,7,False,True,,False,0.0,,,
archeology_scan_6,full,archeology_scan,6,4,False,True,,False,0.0,,,
hulushows_4,full,hulushows,6,6,False,True,,False,0.0,,,
virtual_idol_17,full,virtual_idol,4,2,False,True,,False,0.0,,,
fake_account_10,full,fake_account,4,3,False,True,,False,0.0,,,
labor_certification_applications_15,full,labor_certification_applications,6,6,False,True,,False,0.0,,,
cybermarket_pattern_16,full,cybermarket_pattern,5,1,True,False,True,False,1.0,,,
virtual_idol_6,full,virtual_idol,6,5,False,True,,False,0.0,,,
fake_account_21,full,fake_account,5,5,False,True,,False,0.0,,,
reverse_logistics_20,full,reverse_logistics,6,4,True,False,False,True,0.7,,,
labor_certification_applications_6,full,labor_certification_applications,6,4,False,True,,False,0.0,,,
exchange_traded_funds_19,full,exchange_traded_funds,5,4,True,False,False,True,0.7,,,
organ_transplant_22,full,organ_transplant,5,2,False,True,,False,0.0,,,
labor_certification_applications_18,full,labor_certification_applications,7,3,False,True,,False,0.0,,,
fake_account_22,full,fake_account,4,3,True,False,False,True,0.7,,,
organ_transplant_9,full,organ_transplant,6,1,False,True,,False,0.0,,,
sports_events_8,full,sports_events,6,4,False,True,,False,0.0,,,
hulushows_11,full,hulushows,7,3,True,True,True,False,0.8,,,
exchange_traded_funds_4,full,exchange_traded_funds,10,4,False,True,,False,0.0,,,
insider_trading_9,full,insider_trading,5,5,False,True,,False,0.0,,,
virtual_idol_16,full,virtual_idol,4,4,False,True,,False,0.0,,,
households_1,full,households,7,3,False,True,,False,0.0,,,
robot_fault_prediction_3,full,robot_fault_prediction,7,3,False,True,,False,0.0,,,
cybermarket_pattern_12,full,cybermarket_pattern,6,4,True,False,True,False,1.0,,,
insider_trading_4,full,insider_trading,7,7,False,True,,False,0.0,,,
households_9,full,households,8,3,False,True,,False,0.0,,,
exchange_traded_funds_9,full,exchange_traded_funds,9,9,False,True,,False,0.0,,,
insider_trading_17,full,insider_trading,4,4,True,False,False,True,0.7,,,
robot_fault_prediction_5,full,robot_fault_prediction,7,3,False,True,,False,0.0,,,
cold_chain_pharma_compliance_20,full,cold_chain_pharma_compliance,3,3,False,True,,False,0.0,,,
reverse_logistics_16,full,reverse_logistics,5,0,False,True,,False,0.0,,,
labor_certification_applications_5,full,labor_certification_applications,6,4,False,True,,False,0.0,,,
cybermarket_pattern_15,full,cybermarket_pattern,5,1,False,True,,False,0.0,,,
hulushows_9,full,hulushows,7,4,False,True,,False,0.0,,,
virtual_idol_2,full,virtual_idol,4,4,False,True,,False,0.0,,,
polar_equipment_18,full,polar_equipment,6,2,False,True,,False,0.0,,,
fake_account_19,full,fake_account,6,5,False,True,,False,0.0,,,
virtual_idol_10,full,virtual_idol,7,1,False,True,,False,0.0,,,
insider_trading_7,full,insider_trading,5,5,False,True,,False,0.0,,,
disaster_relief_6,full,disaster_relief,7,7,False,True,,False,0.0,,,
solar_panel_5,full,solar_panel,6,6,True,False,True,False,1.0,,,
exchange_traded_funds_6,full,exchange_traded_funds,9,4,False,True,,False,0.0,,,
cybermarket_pattern_19,full,cybermarket_pattern,5,3,True,False,True,True,0.8999999999999999,,,
disaster_relief_9,full,disaster_relief,5,1,False,True,,False,0.0,,,
reverse_logistics_4,full,reverse_logistics,4,4,False,True,,False,0.0,,,
fake_account_17,full,fake_account,5,3,False,True,,False,0.0,,,
museum_artifact_4,full,museum_artifact,5,5,False,True,,False,0.0,,,
cold_chain_pharma_compliance_16,full,cold_chain_pharma_compliance,6,4,False,True,,False,0.0,,,
planets_data_2,full,planets_data,7,4,False,True,,False,0.0,,,
planets_data_12,full,planets_data,6,0,False,True,,False,0.0,,,
organ_transplant_19,full,organ_transplant,6,6,False,True,,False,0.0,,,
cross_border_6,full,cross_border,8,8,False,True,,False,0.0,,,
hulushows_10,full,hulushows,6,4,True,False,False,True,0.7,,,
reverse_logistics_6,full,reverse_logistics,4,4,True,False,True,False,1.0,,,
cold_chain_pharma_compliance_6,full,cold_chain_pharma_compliance,6,5,False,True,,False,0.0,,,
museum_artifact_3,full,museum_artifact,7,4,False,True,,False,0.0,,,
reverse_logistics_5,full,reverse_logistics,5,2,True,False,False,True,0.7,,,
labor_certification_applications_12,full,labor_certification_applications,7,7,False,True,,False,0.0,,,
disaster_relief_10,full,disaster_relief,5,5,False,True,,False,0.0,,,
solar_panel_7,full,solar_panel,6,3,True,False,False,True,0.7,,,
mental_health_16,full,mental_health,7,5,False,True,,False,0.0,,,
solar_panel_9,full,solar_panel,6,2,False,True,,False,0.0,,,
cybermarket_pattern_1,full,cybermarket_pattern,4,1,False,True,,False,0.0,,,
polar_equipment_2,full,polar_equipment,8,8,False,True,,False,0.0,,,
exchange_traded_funds_20,full,exchange_traded_funds,6,6,False,True,,False,0.0,,,
hulushows_6,full,hulushows,7,1,False,True,,False,0.0,,,
hulushows_16,full,hulushows,8,2,False,True,,False,0.0,,,
organ_transplant_13,full,organ_transplant,6,0,False,True,,False,0.0,,,
museum_artifact_10,full,museum_artifact,9,9,False,True,,False,0.0,,,
cold_chain_pharma_compliance_17,full,cold_chain_pharma_compliance,8,5,True,False,False,True,0.7,,,
cross_border_2,full,cross_border,6,2,True,False,False,True,0.7,,,
crypto_exchange_17,full,crypto_exchange,6,6,True,False,True,False,1.0,,,
fake_account_15,full,fake_account,7,5,False,True,,False,0.0,,,
planets_data_7,full,planets_data,6,6,False,True,,False,0.0,,,
households_19,full,households,7,3,True,False,True,True,0.8999999999999999,,,
reverse_logistics_8,full,reverse_logistics,5,5,True,False,True,False,1.0,,,
polar_equipment_6,full,polar_equipment,7,1,True,False,True,False,1.0,,,
polar_equipment_14,full,polar_equipment,7,7,False,True,,False,0.0,,,
cross_border_14,full,cross_border,6,1,True,False,False,True,0.7,,,
robot_fault_prediction_8,full,robot_fault_prediction,7,7,False,True,,False,0.0,,,
crypto_exchange_10,full,crypto_exchange,6,2,False,True,,False,0.0,,,
polar_equipment_16,full,polar_equipment,7,7,False,True,,False,0.0,,,
sports_events_9,full,sports_events,6,2,False,True,,False,0.0,,,
planets_data_17,full,planets_data,6,2,True,False,True,False,1.0,,,
sports_events_2,full,sports_events,4,2,True,False,True,False,1.0,,,
mental_health_17,full,mental_health,6,5,False,True,,False,0.0,,,
museum_artifact_17,full,museum_artifact,5,5,True,True,False,True,0.5,,,
fake_account_23,full,fake_account,4,1,True,False,True,False,1.0,,,
crypto_exchange_1,full,crypto_exchange,4,3,True,False,True,False,1.0,,,
planets_data_4,full,planets_data,6,6,False,True,,False,0.0,,,
reverse_logistics_11,full,reverse_logistics,5,4,True,False,True,False,1.0,,,
cybermarket_pattern_11,full,cybermarket_pattern,5,1,False,True,,False,0.0,,,
labor_certification_applications_10,full,labor_certification_applications,6,3,False,True,,False,0.0,,,
museum_artifact_7,full,museum_artifact,4,1,False,True,,False,0.0,,,
reverse_logistics_14,full,reverse_logistics,5,2,False,True,,False,0.0,,,
fake_account_11,full,fake_account,4,2,False,True,,False,0.0,,,
households_17,full,households,7,1,True,False,True,False,1.0,,,
hulushows_18,full,hulushows,7,4,False,True,,False,0.0,,,
virtual_idol_19,full,virtual_idol,4,4,True,False,False,True,0.7,,,
mental_health_6,full,mental_health,8,2,False,True,,False,0.0,,,
fake_account_16,full,fake_account,5,5,False,True,,False,0.0,,,
archeology_scan_1,full,archeology_scan,5,5,False,True,,False,0.0,,,
exchange_traded_funds_14,full,exchange_traded_funds,5,5,False,True,,False,0.0,,,
mental_health_8,full,mental_health,6,3,False,True,,False,0.0,,,
insider_trading_M_10,full,insider_trading,5,5,False,True,,False,0.0,,,
cybermarket_pattern_18,full,cybermarket_pattern,5,2,True,False,True,False,1.0,,,
mental_health_20,full,mental_health,6,4,False,True,,False,0.0,,,
solar_panel_13,full,solar_panel,6,1,False,True,,False,0.0,,,
mental_health_7,full,mental_health,7,7,False,True,,False,0.0,,,
planets_data_16,full,planets_data,6,1,True,False,True,False,1.0,,,
insider_trading_5,full,insider_trading,5,5,False,True,,False,0.0,,,
solar_panel_2,full,solar_panel,6,6,False,True,,False,0.0,,,
fake_account_3,full,fake_account,4,4,False,True,,False,0.0,,,
insider_trading_14,full,insider_trading,5,4,False,True,,False,0.0,,,
households_4,full,households,7,2,False,True,,False,0.0,,,
sports_events_5,full,sports_events,7,5,False,True,,False,0.0,,,
polar_equipment_17,full,polar_equipment,6,6,True,True,True,False,0.8,,,
cross_border_12,full,cross_border,7,6,False,True,,False,0.0,,,
polar_equipment_3,full,polar_equipment,7,7,False,True,,False,0.0,,,
cold_chain_pharma_compliance_3,full,cold_chain_pharma_compliance,5,4,False,True,,False,0.0,,,
exchange_traded_funds_10,full,exchange_traded_funds,7,4,False,True,,False,0.0,,,
robot_fault_prediction_7,full,robot_fault_prediction,5,3,False,True,,False,0.0,,,
crypto_exchange_3,full,crypto_exchange,7,7,False,True,,False,0.0,,,
solar_panel_3,full,solar_panel,6,6,False,True,,False,0.0,,,
cold_chain_pharma_compliance_2,full,cold_chain_pharma_compliance,5,2,True,True,False,True,0.5,,,
cross_border_10,full,cross_border,6,6,False,True,,False,0.0,,,
cold_chain_pharma_compliance_9,full,cold_chain_pharma_compliance,6,6,False,True,,False,0.0,,,
polar_equipment_9,full,polar_equipment,6,6,False,True,,False,0.0,,,
organ_transplant_11,full,organ_transplant,6,6,False,True,,False,0.0,,,
hulushows_13,full,hulushows,7,1,False,True,,False,0.0,,,
